group,config,is_reference_config,activation,optimizer,weight_decay,dropout,hidden,lr,n_params,threshold,precision,recall,f1,roc_auc,pr_auc,tn,fp,fn,tp,errors_fp_plus_fn,false_alarm_rate,segment_recall,mean_detection_delay,best_epoch,epochs_run,max_epochs,hit_epoch_cap
activation,relu,True,relu,adam,0.0,0.0,64,0.001,2049,0.521695613861084,0.9813717188823031,0.9838709677419355,0.9826197541331072,0.996849811967991,0.9927218793541429,1443,22,19,1159,41,0.015017064846416382,1.0,0.0,94,100,100,True
activation,leakyrelu,False,leakyrelu,adam,0.0,0.0,64,0.001,2049,0.7575675249099731,0.9829931972789115,0.9813242784380306,0.9821580288870009,0.9968382229381668,0.9933186533501193,1445,20,22,1156,42,0.013651877133105802,1.0,0.0,99,100,100,True
activation,tanh,False,tanh,adam,0.0,0.0,64,0.001,2049,0.5201653242111206,0.9820051413881749,0.9728353140916808,0.9773987206823028,0.9956645439427039,0.9904655251524167,1444,21,32,1146,53,0.014334470989761093,1.0,0.0,40,50,100,False
optimizer,sgd,False,relu,sgd,0.0,0.0,64,0.001,2049,0.5003145933151245,0.8787061994609164,0.830220713073005,0.8537756438236578,0.9310953950989992,0.9259729226221349,1330,135,200,978,335,0.09215017064846416,1.0,5.5,14,24,100,False
optimizer,sgd_momentum,False,relu,sgd_momentum,0.0,0.0,64,0.001,2049,0.5129922032356262,0.9151515151515152,0.8972835314091681,0.9061294470638662,0.9715077907252996,0.9729814736016332,1367,98,121,1057,219,0.06689419795221843,1.0,0.0,100,100,100,True
optimizer,rmsprop,False,relu,rmsprop,0.0,0.0,64,0.001,2049,0.6852023601531982,0.9830220713073005,0.9830220713073005,0.9830220713073005,0.9972116794242569,0.9955989672273435,1445,20,20,1158,40,0.013651877133105802,1.0,0.0,99,100,100,True
optimizer,adam,True,relu,adam,0.0,0.0,64,0.001,2049,0.521695613861084,0.9813717188823031,0.9838709677419355,0.9826197541331072,0.996849811967991,0.9927218793541429,1443,22,19,1159,41,0.015017064846416382,1.0,0.0,94,100,100,True
regularization,none,True,relu,adam,0.0,0.0,64,0.001,2049,0.521695613861084,0.9813717188823031,0.9838709677419355,0.9826197541331072,0.996849811967991,0.9927218793541429,1443,22,19,1159,41,0.015017064846416382,1.0,0.0,94,100,100,True
regularization,l2,False,relu,adam,0.0001,0.0,64,0.001,2049,0.4390832781791687,0.981418918918919,0.9864176570458404,0.9839119390347163,0.9970262549470671,0.9929561539331154,1443,22,16,1162,38,0.015017064846416382,1.0,0.0,94,100,100,True
regularization,dropout,False,relu,adam,0.0,0.2,64,0.001,2049,0.7449959516525269,0.9821882951653944,0.9830220713073005,0.982605006364022,0.9973122142579834,0.9961189911150954,1444,21,20,1158,41,0.014334470989761093,1.0,0.0,98,100,100,True
regularization,l2_dropout,False,relu,adam,0.0001,0.2,64,0.001,2049,0.7906460762023926,0.9896995708154507,0.9787775891341256,0.9842082799829279,0.9976164262908731,0.9966008725254276,1453,12,25,1153,37,0.008191126279863481,1.0,0.0,100,100,100,True
learning_rate,lr_1e-4,False,relu,adam,0.0,0.0,64,0.0001,2049,0.49608030915260315,0.8251457119067444,0.8412563667232598,0.8331231609920134,0.908278913180783,0.9020901682441622,1255,210,187,991,397,0.14334470989761092,1.0,6.0,2,12,100,False
learning_rate,lr_3e-4,False,relu,adam,0.0,0.0,64,0.0003,2049,0.73465496301651,0.9936363636363637,0.9278438030560272,0.9596136962247586,0.989425010285264,0.9879110236355373,1458,7,85,1093,92,0.00477815699658703,1.0,0.0,99,100,100,True
learning_rate,lr_1e-3,True,relu,adam,0.0,0.0,64,0.001,2049,0.521695613861084,0.9813717188823031,0.9838709677419355,0.9826197541331072,0.996849811967991,0.9927218793541429,1443,22,19,1159,41,0.015017064846416382,1.0,0.0,94,100,100,True
learning_rate,lr_3e-3,False,relu,adam,0.0,0.0,64,0.003,2049,0.89922696352005,0.9864176570458404,0.9864176570458404,0.9864176570458404,0.9987014492081796,0.9983567490849419,1449,16,16,1162,32,0.010921501706484642,1.0,0.0,74,84,100,False
learning_rate,lr_1e-2,False,relu,adam,0.0,0.0,64,0.01,2049,0.8024325370788574,0.9864521591871296,0.9889643463497453,0.9877066553624417,0.9989117900994918,0.9986220139041211,1449,16,13,1165,29,0.010921501706484642,1.0,0.0,31,41,100,False
hidden_size,h_16,False,relu,adam,0.0,0.0,16,0.001,513,0.6413469910621643,0.9834061135371179,0.9558573853989814,0.9694360740421868,0.9946308024823702,0.9898173410426242,1446,19,52,1126,71,0.012969283276450512,1.0,0.0,92,100,100,True
hidden_size,h_32,False,relu,adam,0.0,0.0,32,0.001,1025,0.6474756002426147,0.9813242784380306,0.9813242784380306,0.9813242784380306,0.9964198589615071,0.9922629819376045,1443,22,22,1156,44,0.015017064846416382,1.0,0.0,99,100,100,True
hidden_size,h_64,True,relu,adam,0.0,0.0,64,0.001,2049,0.521695613861084,0.9813717188823031,0.9838709677419355,0.9826197541331072,0.996849811967991,0.9927218793541429,1443,22,19,1159,41,0.015017064846416382,1.0,0.0,94,100,100,True
hidden_size,h_128,False,relu,adam,0.0,0.0,128,0.001,4097,0.7110004425048828,0.9797809604043808,0.9872665534804754,0.9835095137420719,0.9973542244910967,0.9949160964890171,1441,24,15,1163,39,0.016382252559726963,1.0,0.0,99,100,100,True
hidden_size,h_256,False,relu,adam,0.0,0.0,256,0.001,8193,0.8167675137519836,0.9871904355251921,0.9813242784380306,0.9842486164325245,0.9981202593624874,0.9973818351987709,1450,15,22,1156,37,0.010238907849829351,1.0,0.0,100,100,100,True
